id;handle;owner_id;owner_nome;last_closed_at;ativo;notas;created_at;updated_at
a264d91f-e9e0-4a01-b701-9e299dac9ec4;	@carlinhosmaia;5fbb7fd0-2b27-49d4-a179-5896ef04d07e;braga;;true;;2026-01-23 21:29:53.119329+00;2026-01-30 20:28:31.681663+00
1dd04046-deb5-4f1e-a9ba-20384b010879;	@drake;5fbb7fd0-2b27-49d4-a179-5896ef04d07e;braga;;true;;2026-01-23 21:29:53.695893+00;2026-01-30 20:28:33.912695+00
9d97f1ea-0517-476d-82d5-4b3328242a6e;	@anitta;5fbb7fd0-2b27-49d4-a179-5896ef04d07e;braga;;true;;2026-01-23 21:29:54.208286+00;2026-01-30 20:28:37.099478+00
70ddfd51-ed45-4fe0-87a6-799685180f39;	@brenda_olivex;b8d2f84c-4f7e-4285-a037-e19c70b8eedf;felipe_viana;2026-02-01 21:32:30.437+00;true;;2026-01-26 17:10:32.147706+00;2026-02-01 21:32:30.713978+00
43d1b4bf-1630-4ee0-bf78-145c49900603;	@ruyter;bbf216e0-ae6c-461a-9d2a-c60a7aba2fec;alan;;true;;2026-01-23 21:37:07.877694+00;2026-01-23 21:37:07.877694+00
d3a2e0ad-6ae4-46dc-bff1-d9d9768e9d30;	@biianogueiiraa;b8d2f84c-4f7e-4285-a037-e19c70b8eedf;felipe_viana;2026-02-04 13:38:04.761+00;true;;2026-01-26 17:09:29.870831+00;2026-02-04 13:38:05.404733+00
dd813a51-1686-49ef-9d23-1d6723f5d742;	@oioiagonia0;110c225f-7f68-44c9-b45a-c1dda2b275f5;gabriel arcanjo;;true;;2026-01-26 22:00:36.683732+00;2026-02-04 22:16:48.22113+00
023ca555-5bab-4418-b237-4062e1c67c21;	@ruyterroxo;0fc6288a-cfb0-4996-b045-9a0de4912159;braga1;;true;;2026-01-23 22:35:20.887512+00;2026-01-23 22:35:20.887512+00
8ce6877a-41df-489d-ba01-b2a715d41081;	@trindade;0fc6288a-cfb0-4996-b045-9a0de4912159;braga1;;true;;2026-01-23 22:35:21.469963+00;2026-01-23 22:35:21.469963+00
0339e031-24b1-418c-9ab8-2ff3fb1f21d7;	@katy;0fc6288a-cfb0-4996-b045-9a0de4912159;braga1;;true;;2026-01-23 22:35:22.58366+00;2026-01-23 22:35:22.58366+00
71f0a29b-a71c-45c9-ab3f-5c125b4ed1ca;	@veigh;0fc6288a-cfb0-4996-b045-9a0de4912159;braga1;2026-01-23 22:36:37.949+00;true;;2026-01-23 22:35:22.029173+00;2026-01-23 22:36:38.555311+00
7ad44f78-5dc5-4279-aae6-19c1ff7ad4db;	@neymajr;0fc6288a-cfb0-4996-b045-9a0de4912159;braga1;2026-01-23 22:39:56.175+00;true;;2026-01-23 22:35:20.271165+00;2026-01-23 22:39:56.341224+00
7d3b5920-a2d1-44cd-af1f-0dcbab798b34;	@neymar;bbf216e0-ae6c-461a-9d2a-c60a7aba2fec;alan;;true;;2026-01-23 21:37:07.326073+00;2026-01-30 19:44:14.979355+00
15e4427c-0efe-4bd2-a2fe-c697ea854b50;	@toguro;bbf216e0-ae6c-461a-9d2a-c60a7aba2fec;alan;;true;;2026-01-23 21:36:20.451686+00;2026-01-30 19:44:17.84236+00
1036f128-536e-4dec-9b76-79c092e5f700;	@mcpessoa;d46ebcca-76df-468e-b71b-f6d4fe0bb81f;eduardojr;2026-02-06 01:52:32.911+00;true;;2026-01-24 00:03:46.379322+00;2026-02-06 01:52:32.806328+00
81761207-0247-4f09-af5c-4215c276f506;	@gabisaiury;d46ebcca-76df-468e-b71b-f6d4fe0bb81f;eduardojr;2026-02-06 01:52:45.941+00;true;;2026-01-24 00:07:31.312989+00;2026-02-06 01:52:45.841574+00
13568084-e5b2-451f-ab04-84e9a82c6b62;	@napolli;5fbb7fd0-2b27-49d4-a179-5896ef04d07e;braga;;true;;2026-01-23 21:29:27.726594+00;2026-01-30 20:28:30.712878+00
24d1bf10-da01-42b4-b68c-9d6823213411;	@d6oficial;d46ebcca-76df-468e-b71b-f6d4fe0bb81f;eduardojr;2026-02-06 01:53:48.193+00;true;;2026-01-24 00:07:31.864637+00;2026-02-06 01:53:48.829081+00
b489a643-69b5-4c20-a4b6-5d7b9f81cc57;	@carlinhosbrito;d46ebcca-76df-468e-b71b-f6d4fe0bb81f;eduardojr;2026-02-06 01:53:50.099+00;true;;2026-01-25 09:37:23.998684+00;2026-02-06 01:53:50.014962+00
f24b23b6-43bf-465b-8112-c3f2dc1f35e6;	@angeloficiak;d46ebcca-76df-468e-b71b-f6d4fe0bb81f;eduardojr;2026-02-06 01:53:54.026+00;true;;2026-01-25 09:37:24.658476+00;2026-02-06 01:53:53.968993+00
6f2fa083-6066-4626-80bf-06b05be44fed;	@sarinhaav;d46ebcca-76df-468e-b71b-f6d4fe0bb81f;eduardojr;2026-02-06 02:00:45.887+00;true;;2026-01-25 09:37:25.238554+00;2026-02-06 02:00:45.866363+00
55d3562e-55e9-4d6f-b88a-5b6cb38dff91;	@sophiavitoria;d46ebcca-76df-468e-b71b-f6d4fe0bb81f;eduardojr;2026-02-06 02:00:49.927+00;true;;2026-01-25 09:37:25.788449+00;2026-02-06 02:00:49.852054+00
9bc5ac72-e182-49d8-991f-20ddb8163070;	@ann4arauj0;d46ebcca-76df-468e-b71b-f6d4fe0bb81f;eduardojr;2026-02-06 02:00:54.132+00;true;;2026-01-25 09:37:26.401474+00;2026-02-06 02:00:54.062191+00
7112bcd8-0ad0-48c0-8062-912a25f6223e;	@panmella;1c495ccc-461e-4d59-84ac-9cf78f13494c;mizael;2026-02-09 15:49:10.372+00;true;;2026-01-27 15:46:07.825912+00;2026-02-09 15:49:10.186679+00
195e9085-5e26-40a5-b8a1-ee0da7dd7239;	@paolamarin;d46ebcca-76df-468e-b71b-f6d4fe0bb81f;eduardojr;;true;;2026-01-25 09:40:25.535163+00;2026-02-08 09:53:32.73306+00
50263193-7579-40c0-a36c-ebb50644dd9b;	@eduardopaoline;f10cf97a-3893-4129-83ec-7c093efcd5bc;Agatha ;2026-02-06 20:23:40.303+00;true;;2026-01-27 13:35:26.508861+00;2026-02-06 20:23:40.529362+00
4ca6ea0d-93e8-41d4-ad02-f66bfe620913;	@dailybyysouza;7e2a26ab-f32d-4a5c-82f3-249c012931f0;braz;2026-02-07 18:14:02.827+00;true;;2026-01-27 15:40:22.086741+00;2026-02-07 18:14:03.040589+00
fa60b075-2980-4293-8c90-84d775e0c9d2;	@eududaee;b8d2f84c-4f7e-4285-a037-e19c70b8eedf;felipe_viana;2026-01-26 17:11:33.666+00;true;;2026-01-26 17:11:31.464976+00;2026-01-26 17:11:33.998792+00
c85d22ea-42a3-4547-bf60-cbeabfa132b4;	@mini.bella02;110c225f-7f68-44c9-b45a-c1dda2b275f5;gabriel arcanjo;;true;;2026-01-27 15:28:45.07361+00;2026-02-02 16:26:36.279954+00
c9ad20be-d485-4b3a-9568-7b23596282de;	@azulao_delas;b8d2f84c-4f7e-4285-a037-e19c70b8eedf;felipe_viana;;true;;2026-01-26 17:13:33.309419+00;2026-01-26 17:13:33.309419+00
33a7c1b5-6868-450d-92dd-734f22cf6a8c;	@biancasantosz;b8d2f84c-4f7e-4285-a037-e19c70b8eedf;felipe_viana;;true;;2026-01-26 17:13:57.693473+00;2026-01-26 17:13:57.693473+00
dd6cbf0a-f41c-4cc7-ae82-4d07db79049b;	@ryanstuch;b8d2f84c-4f7e-4285-a037-e19c70b8eedf;felipe_viana;;true;;2026-01-26 17:14:35.875952+00;2026-01-26 17:14:35.875952+00
9ed8668a-a299-4377-92cf-b8ea5ea3876c;	@bieltuedoido;110c225f-7f68-44c9-b45a-c1dda2b275f5;gabriel arcanjo;;true;;2026-01-26 22:00:37.893074+00;2026-01-26 22:00:37.893074+00
c77f2984-357d-4386-bdd7-3affaf541ed3;	@alissohumor;110c225f-7f68-44c9-b45a-c1dda2b275f5;gabriel arcanjo;;true;;2026-01-26 22:00:39.065113+00;2026-01-26 22:00:39.065113+00
4697b0cc-9cb4-4abb-8613-6c9d1e2b8a2b;	@djjhenny;110c225f-7f68-44c9-b45a-c1dda2b275f5;gabriel arcanjo;;true;;2026-01-26 22:00:39.654698+00;2026-01-26 22:00:39.654698+00
a3d90cf3-181c-4267-bab1-017e5dfa35b1;	@giioliiveira;b8d2f84c-4f7e-4285-a037-e19c70b8eedf;felipe_viana;2026-01-26 22:36:25.503+00;true;;2026-01-26 17:19:07.209311+00;2026-01-26 22:36:26.022107+00
955fbeef-6eb4-4b23-a506-d3937b1398a3;	@nathyzinha;b8d2f84c-4f7e-4285-a037-e19c70b8eedf;felipe_viana;2026-02-03 23:06:30.747+00;true;;2026-01-26 17:13:11.296124+00;2026-02-03 23:06:31.359484+00
78373070-337a-4f30-938d-d6bacecba906;	@aliciakalinee;f10cf97a-3893-4129-83ec-7c093efcd5bc;Agatha ;2026-02-06 20:23:46.934+00;true;;2026-01-27 13:35:28.646676+00;2026-02-06 20:23:47.499618+00
07cb08f0-d5bf-4363-a0ea-290c26a5c3f6;	@neguindabasersv;f10cf97a-3893-4129-83ec-7c093efcd5bc;Agatha ;2026-02-06 20:24:04.109+00;true;;2026-01-27 13:35:27.949587+00;2026-02-06 20:24:04.323856+00
b736924f-e970-41c5-8581-da2745395377;	@annie.japa;f10cf97a-3893-4129-83ec-7c093efcd5bc;Agatha ;2026-02-06 20:24:06.526+00;true;;2026-01-27 13:35:29.376676+00;2026-02-06 20:24:06.740976+00
905d8cf2-0dc6-47fd-b48f-abfa8b03129b;	@_napolli;f10cf97a-3893-4129-83ec-7c093efcd5bc;Agatha ;2026-02-06 20:23:52.254+00;true;;2026-01-27 13:35:30.808965+00;2026-02-06 20:23:52.47279+00
ce25f04c-f9ae-412c-9bee-dd1a7b9452c0;	@arthursinhobatedeira;f10cf97a-3893-4129-83ec-7c093efcd5bc;Agatha ;2026-02-06 20:24:09.755+00;true;;2026-01-27 13:35:30.049985+00;2026-02-06 20:24:10.02249+00
384ca982-3726-4d7b-ba67-de3c3e1a7de6;	@brenda_.lopes;f10cf97a-3893-4129-83ec-7c093efcd5bc;Agatha ;2026-02-06 20:24:14.84+00;true;;2026-01-27 13:35:31.43391+00;2026-02-06 20:24:15.143105+00
e785cc8d-88d4-4ff7-b89e-35d5e6194a4a;	@yohannzamora_;f10cf97a-3893-4129-83ec-7c093efcd5bc;Agatha ;2026-02-06 20:24:00.095+00;true;;2026-01-27 13:35:27.230095+00;2026-02-06 20:24:00.302092+00
d41cc933-0762-4522-8ca6-3085d9d14a7d;	@izamenezes;f10cf97a-3893-4129-83ec-7c093efcd5bc;Agatha ;2026-02-06 20:26:08.49+00;true;;2026-01-27 13:37:43.703649+00;2026-02-06 20:26:08.720084+00
2f1fbec7-5c05-439d-aa20-ef7da80aad4e;	@dhrarafabricio;110c225f-7f68-44c9-b45a-c1dda2b275f5;gabriel arcanjo;2026-02-09 19:30:12.665+00;true;;2026-01-26 21:58:05.542056+00;2026-02-09 19:29:31.044387+00
7f832e43-0b83-47a5-a69f-d6c6120406d6;	@nicolleguimaraesss;110c225f-7f68-44c9-b45a-c1dda2b275f5;gabriel arcanjo;;true;;2026-01-27 15:27:50.604156+00;2026-02-02 16:26:57.955257+00
0589c0f7-c702-4e95-aea5-247f92215a1f;	@heloiissa;1c495ccc-461e-4d59-84ac-9cf78f13494c;mizael;2026-02-09 15:49:28.633+00;true;;2026-01-27 15:46:08.753086+00;2026-02-09 15:49:28.461521+00
5205a420-ee1d-4ce9-b2ef-a8669f97fad5;	@madumnz._;110c225f-7f68-44c9-b45a-c1dda2b275f5;gabriel arcanjo;2026-02-09 19:30:07.79+00;true;;2026-01-26 22:00:38.480044+00;2026-02-09 19:29:26.794539+00
17da075f-1cff-451d-9aae-723c8f3d18c9;	@kethellynkastoryno;447ccea6-bad2-47ce-9ef6-024e66582ff9;Moreau;2026-02-02 19:15:26.996+00;true;;2026-01-26 19:33:37.856804+00;2026-02-02 19:15:26.920081+00
7bb78bb9-bf82-4ad3-8a33-05d450a91858;	@ruivazx0;1c495ccc-461e-4d59-84ac-9cf78f13494c;mizael;2026-02-09 15:49:12.186+00;true;;2026-01-27 15:46:10.944643+00;2026-02-09 15:49:12.006384+00
f2755420-4614-4818-8385-21acd1d3d231;	@necinha;b8d2f84c-4f7e-4285-a037-e19c70b8eedf;felipe_viana;2026-02-01 16:30:11.1+00;true;;2026-01-26 17:12:01.577929+00;2026-02-01 16:30:11.41746+00
f54ffa19-3905-4a11-b260-4ce7b9008292;	@napolli.agatha;bbf216e0-ae6c-461a-9d2a-c60a7aba2fec;alan;;true;;2026-01-23 21:44:03.315098+00;2026-01-30 19:24:01.321395+00
e4fc4195-9f71-44f0-8f7e-d4b681b57aaf;	@larissapvitoria;1c495ccc-461e-4d59-84ac-9cf78f13494c;mizael;2026-02-09 15:49:13.499+00;true;;2026-01-27 15:46:09.490461+00;2026-02-09 15:49:13.313319+00
7bf6acce-39e3-4297-b441-cc451d2cf30a;	@mclya;d46ebcca-76df-468e-b71b-f6d4fe0bb81f;eduardojr;2026-02-06 01:52:26.813+00;true;;2026-01-23 23:59:35.673132+00;2026-02-06 01:52:26.676174+00
2bad979f-6e04-47f0-9c6d-63418cefb6c8;	@_ketlinferreira01;7863a806-0593-466e-b697-caad426d38bf;Marina;2026-02-07 16:04:31.206+00;true;;2026-01-27 15:41:01.927461+00;2026-02-07 16:04:31.377116+00
3e2df6b6-2a38-42b8-8255-add545a87ad6;	@tefinsilva.ofcc;110c225f-7f68-44c9-b45a-c1dda2b275f5;gabriel arcanjo;;true;;2026-01-27 15:28:46.607692+00;2026-02-02 16:26:53.915286+00
1ea7d7bc-50a5-4cce-b809-6bff527762eb;	@dailydatatuts;7e2a26ab-f32d-4a5c-82f3-249c012931f0;braz;2026-02-07 18:14:02.028+00;true;;2026-01-27 15:39:28.080031+00;2026-02-07 18:14:02.246941+00
a8f1f90c-a76d-4d00-b3b3-a5d8cfdaca59;	@eunathyrsv;110c225f-7f68-44c9-b45a-c1dda2b275f5;gabriel arcanjo;;true;;2026-01-26 17:12:37.416722+00;2026-02-02 16:26:45.987669+00
d4727700-c162-47c2-8a7d-d16c061836b7;	@eaebraz;1c495ccc-461e-4d59-84ac-9cf78f13494c;mizael;2026-02-09 15:49:25.401+00;true;;2026-01-27 15:46:10.202126+00;2026-02-09 15:49:25.22088+00
8dd61d54-9931-45ec-94ac-41f35b5d6a57;	@cariane;;;;true;;2026-01-23 21:37:06.247988+00;2026-01-30 19:20:37.583198+00
db056a15-f0e1-471d-bdbd-473920919d12;	@cariane.arcanjo;bbf216e0-ae6c-461a-9d2a-c60a7aba2fec;alan;;true;;2026-01-23 23:20:44.793979+00;2026-01-30 19:24:30.143523+00
3a9d5d3d-7b05-4f88-a51f-8b028d7b0f73;	@carecasosso;bbf216e0-ae6c-461a-9d2a-c60a7aba2fec;alan;;true;;2026-01-23 21:37:06.791936+00;2026-01-30 20:26:46.197849+00
cde26332-7c77-4158-87ba-b8792cffc58b;	@051amaral;f10cf97a-3893-4129-83ec-7c093efcd5bc;Agatha ;2026-02-03 16:44:06.919+00;true;;2026-01-27 13:35:25.754353+00;2026-02-03 16:44:07.175733+00
701972ca-aad6-4440-9fcf-4fcd488ff400;	@giovanamartynns_;1c495ccc-461e-4d59-84ac-9cf78f13494c;mizael;2026-02-05 17:35:05.051+00;true;;2026-01-27 15:46:11.691797+00;2026-02-05 17:35:04.724305+00
71227591-c160-4603-91a0-b9c65d1363f8;	@gatopreetooficial;1c495ccc-461e-4d59-84ac-9cf78f13494c;mizael;2026-01-27 15:47:04.849+00;true;;2026-01-27 15:46:15.453966+00;2026-01-27 15:47:03.92163+00
751461dd-b673-4fb2-9b49-f92e4b76e6b7;	@reservaagonia;110c225f-7f68-44c9-b45a-c1dda2b275f5;gabriel arcanjo;2026-02-09 19:30:27.246+00;true;;2026-01-26 22:00:37.30063+00;2026-02-09 19:29:45.706381+00
7cda4555-010c-4ac6-a6f1-c64590fdad47;	@karollzinha_77;a5db3270-506c-4664-84f8-0d81e8883111;miguerl portela;2026-02-08 05:49:16.158+00;true;;2026-01-27 20:05:39.703229+00;2026-02-08 05:49:17.682801+00
79d5c989-a605-4706-bbdd-dd78bbfca7a6;	@beaaqz_;7e2a26ab-f32d-4a5c-82f3-249c012931f0;braz;2026-02-09 16:04:19.499+00;true;;2026-01-27 15:57:07.181201+00;2026-02-09 16:04:19.7213+00
6f7ea1f9-aaf2-4ef9-b6f0-d1a4c4c2bcf5;	@gabrielcosttaa_;f10cf97a-3893-4129-83ec-7c093efcd5bc;Agatha ;2026-02-06 20:23:56.071+00;true;;2026-01-27 19:41:40.090054+00;2026-02-06 20:23:56.271729+00
791c2154-6543-4da0-a1cd-1b9edce63da5;	@surf_tremdo7;f8834401-7000-4bea-a2b4-fceff1a92f11;vanessa;2026-02-04 22:23:16.7+00;true;;2026-01-27 21:37:46.205367+00;2026-02-04 22:23:17.155516+00
9829392f-e132-46f6-b361-97d3c441b65a;	@ojapavlogs;7863a806-0593-466e-b697-caad426d38bf;Marina;2026-02-07 16:04:19.59+00;true;;2026-01-27 17:38:23.24921+00;2026-02-07 16:04:19.784936+00
ca84a54b-60bf-4c05-ba29-c5c5e2a67af5;	@marcellekaiza;110c225f-7f68-44c9-b45a-c1dda2b275f5;gabriel arcanjo;;true;;2026-01-27 16:50:30.781108+00;2026-01-27 16:50:30.781108+00
b9334181-1783-4b8f-a197-b906808398e4;	@thz.xs7;7863a806-0593-466e-b697-caad426d38bf;Marina;2026-02-07 16:04:20.838+00;true;;2026-01-27 17:38:45.873195+00;2026-02-07 16:04:21.020472+00
28f527df-c1c3-4f7e-be68-e4ced861f9c3;	@souza.ericzx;7e2a26ab-f32d-4a5c-82f3-249c012931f0;braz;2026-02-09 17:26:22.763+00;true;;2026-01-27 19:30:53.127746+00;2026-02-09 17:26:23.108279+00
a55a7fa6-48ec-4e77-9b51-abcd4cac00d2;	@mah_tavares_;1c495ccc-461e-4d59-84ac-9cf78f13494c;mizael;2026-02-05 21:47:24.282+00;true;;2026-01-27 15:46:14.739914+00;2026-02-05 21:47:24.190706+00
fd712f6c-5de3-462b-b63e-f1794c5509b1;	@dudavazoficiall;1c495ccc-461e-4d59-84ac-9cf78f13494c;mizael;2026-01-27 17:39:30.15+00;true;;2026-01-27 17:39:18.676966+00;2026-01-27 17:39:29.220874+00
a2d25e71-a2eb-4352-b909-1e20b587d1f3;	@luizaa_v0;1c495ccc-461e-4d59-84ac-9cf78f13494c;mizael;2026-01-27 19:00:23.999+00;true;;2026-01-27 19:00:17.956813+00;2026-01-27 19:00:23.111013+00
25967eb6-ddca-47d0-9330-2495a7105df4;	@cleytonrodrigues;b8d2f84c-4f7e-4285-a037-e19c70b8eedf;felipe_viana;2026-02-02 19:07:11.787+00;true;;2026-01-27 20:03:17.033787+00;2026-02-02 19:07:12.06509+00
0fa51950-5f6f-44d0-a296-4c397fc069dd;	@orgchefinho;1c495ccc-461e-4d59-84ac-9cf78f13494c;mizael;2026-02-09 15:49:16.345+00;true;;2026-01-27 15:46:16.932414+00;2026-02-09 15:49:16.242406+00
43d676b9-8420-4408-9457-fa0580fd752c;	@quellmarquess_;1c495ccc-461e-4d59-84ac-9cf78f13494c;mizael;2026-02-09 15:49:14.88+00;true;;2026-01-27 15:46:12.418934+00;2026-02-09 15:49:14.773952+00
d5d07c5b-2844-4122-8b6b-ca3de59d02ab;	@lyhen_bxd;a5db3270-506c-4664-84f8-0d81e8883111;miguerl portela;2026-02-08 05:49:13.222+00;true;;2026-01-27 20:05:39.072019+00;2026-02-08 05:49:14.754621+00
43334644-b851-453e-831c-e00c6974f75d;	@ma.nuhz;7e2a26ab-f32d-4a5c-82f3-249c012931f0;braz;2026-02-09 19:54:26.037+00;true;;2026-01-27 16:23:43.199383+00;2026-02-09 19:54:26.360874+00
40469a25-379f-424a-8def-10cd1d91ec20;	@pietroofc7__;110c225f-7f68-44c9-b45a-c1dda2b275f5;gabriel arcanjo;;true;;2026-01-27 19:26:32.380838+00;2026-02-02 16:26:40.303215+00
ab37bfdf-ea09-43d3-b4ac-69b47b759b03;	@ looh.1612ofc;f10cf97a-3893-4129-83ec-7c093efcd5bc;Agatha ;2026-02-06 20:24:18.837+00;true;;2026-01-27 16:38:01.330569+00;2026-02-06 20:24:19.036141+00
ffecc9a0-2b7d-4a38-8c60-05b9814f1c74;	@gioramos_ofc;1c495ccc-461e-4d59-84ac-9cf78f13494c;mizael;2026-02-05 19:56:08.224+00;true;;2026-01-27 15:46:16.178066+00;2026-02-05 19:56:08.015454+00
a73f2feb-a229-4a8c-a3ec-57779d467379;	@oiglendha;1c495ccc-461e-4d59-84ac-9cf78f13494c;mizael;2026-02-09 13:04:54.649+00;true;;2026-01-27 15:46:19.22382+00;2026-02-09 13:04:54.403468+00
6cf83008-591d-43f4-a173-e66dc9f48fd9;	@drumis;1c495ccc-461e-4d59-84ac-9cf78f13494c;mizael;2026-01-27 20:03:07.361+00;true;;2026-01-27 15:46:18.422196+00;2026-01-27 20:03:06.549317+00
0b0c4dc1-f5be-4d15-9ba4-da0f65f06b8f;	@sufistaa7;7e2a26ab-f32d-4a5c-82f3-249c012931f0;braz;2026-02-09 16:04:23.758+00;true;;2026-01-27 15:57:18.617414+00;2026-02-09 16:04:23.975524+00
c880cf13-f585-4dac-975e-103f09ab9414;	@dudadancer.ofcll;1c495ccc-461e-4d59-84ac-9cf78f13494c;mizael;2026-02-09 15:49:21.585+00;true;;2026-01-27 15:46:13.287154+00;2026-02-09 15:49:21.402976+00
399f0385-81a1-4ce1-9f4c-00431d2417f2;	@suevilyynoficial;1c495ccc-461e-4d59-84ac-9cf78f13494c;mizael;2026-02-09 15:49:33.78+00;true;;2026-01-27 15:46:14.014075+00;2026-02-09 15:49:33.627755+00
037408c2-df83-44fa-b354-80325164243b;	@00_mh22;a5db3270-506c-4664-84f8-0d81e8883111;miguerl portela;2026-02-08 05:49:16.63+00;true;;2026-01-27 20:05:40.869594+00;2026-02-08 05:49:18.558622+00
661fef32-72bb-4b66-b7fe-4a32462f8ddc;	@rlkbeazinha;1c495ccc-461e-4d59-84ac-9cf78f13494c;mizael;2026-01-30 13:14:17.698+00;true;;2026-01-27 15:46:07.004402+00;2026-01-30 13:14:17.629159+00
e220ad3d-8491-40c7-8132-343b4f9f6a23;	@niccarvejani_;a5db3270-506c-4664-84f8-0d81e8883111;miguerl portela;2026-02-08 05:50:16.879+00;true;;2026-01-27 20:05:42.219349+00;2026-02-08 05:50:18.418478+00
9c3816a3-a132-4d02-a8bc-159363aca3f7;	@reibxd;a5db3270-506c-4664-84f8-0d81e8883111;miguerl portela;2026-02-08 05:50:12.285+00;true;;2026-01-27 20:05:40.254498+00;2026-02-08 05:50:13.830544+00
79ff6214-5c7a-4871-a1da-c0189b523a7d;	@djdopoze;1c495ccc-461e-4d59-84ac-9cf78f13494c;mizael;2026-02-03 21:07:03.641+00;true;;2026-01-27 15:46:20.027299+00;2026-02-03 21:07:00.40917+00
9695a256-2c6c-46d3-8799-c9bba7ad0c80;	@myllinha.ofc;a5db3270-506c-4664-84f8-0d81e8883111;miguerl portela;2026-02-08 05:50:23.293+00;true;;2026-01-27 20:31:01.478604+00;2026-02-08 05:50:24.824662+00
d7092ae0-7094-4923-889c-174b551be046;	@raissa.luana4;1c495ccc-461e-4d59-84ac-9cf78f13494c;mizael;2026-02-09 13:04:53.682+00;true;;2026-01-27 15:46:17.671293+00;2026-02-09 13:04:53.447861+00
d8434405-142c-4f50-8a26-72fb6d146f24;	@__lunascimento;7e2a26ab-f32d-4a5c-82f3-249c012931f0;braz;2026-02-06 15:51:49.505+00;true;;2026-01-27 21:18:31.691301+00;2026-02-06 15:51:49.749315+00
0d895530-7e43-4b0f-88b5-83ba5c82599b;	@abreuvx;f8834401-7000-4bea-a2b4-fceff1a92f11;vanessa;2026-02-04 22:22:31.716+00;true;;2026-01-27 21:37:45.643586+00;2026-02-04 22:22:32.179589+00
f9fc2ede-03a6-4df7-b7a6-2da81a653e44;	@eududao5;f8834401-7000-4bea-a2b4-fceff1a92f11;vanessa;2026-02-04 22:22:36.385+00;true;;2026-01-27 21:28:24.492377+00;2026-02-04 22:22:36.841726+00
77f28b29-9269-4098-8608-b1a436f412c3;	@franjinhaa;f8834401-7000-4bea-a2b4-fceff1a92f11;vanessa;2026-02-04 22:22:38+00;true;;2026-01-27 21:37:47.868703+00;2026-02-04 22:22:38.44361+00
3ad68ca8-e698-409f-becb-0aafce69e599;	@jvictorkzwv;f8834401-7000-4bea-a2b4-fceff1a92f11;vanessa;2026-02-04 22:22:35.518+00;true;;2026-01-27 21:28:23.932114+00;2026-02-04 22:22:35.979908+00
ea788f28-6a4c-4940-acff-a64fdfab32a4;	@morenoda25ofc;f8834401-7000-4bea-a2b4-fceff1a92f11;vanessa;2026-02-04 22:23:17.318+00;true;;2026-01-27 21:37:46.785551+00;2026-02-04 22:23:17.774861+00
f7b97327-1bf9-4e9e-825a-020da45b78db;	@leticiaggomes04;f8834401-7000-4bea-a2b4-fceff1a92f11;vanessa;2026-02-04 22:23:17.967+00;true;;2026-01-27 21:37:48.418022+00;2026-02-04 22:23:18.417715+00
4654f755-333c-4900-9dae-8858b3309f90;	@real_fuba7;f8834401-7000-4bea-a2b4-fceff1a92f11;vanessa;2026-02-04 22:23:21.8+00;true;;2026-01-27 21:37:50.127537+00;2026-02-04 22:23:22.258654+00
2b3cfe66-7111-4ba7-a194-36c134020d57;	@ketyysilvaaa;f8834401-7000-4bea-a2b4-fceff1a92f11;vanessa;2026-02-04 22:22:40.233+00;true;;2026-01-27 21:37:49.006345+00;2026-02-04 22:22:40.67725+00
a21ac4ca-2c04-4870-a54e-ac76bcad0617;	@mcmarleyof;f8834401-7000-4bea-a2b4-fceff1a92f11;vanessa;2026-02-04 22:23:18.615+00;true;;2026-01-27 21:37:51.231636+00;2026-02-04 22:23:19.060506+00
6477bebc-16b1-458a-bcfe-c629ae8bdb37;	@camila_pretaa;f8834401-7000-4bea-a2b4-fceff1a92f11;vanessa;2026-02-04 22:22:41.049+00;true;;2026-01-27 21:37:49.582111+00;2026-02-04 22:22:41.499737+00
72a9111a-7ec2-4e3b-bd34-cc93ab433ba7;	@imcchaverin;f8834401-7000-4bea-a2b4-fceff1a92f11;vanessa;2026-02-04 22:22:41.7+00;true;;2026-01-27 21:37:50.692093+00;2026-02-04 22:22:42.157182+00
9f3d5387-2121-4f06-9255-d28074fe1a68;	@amayrla00;f8834401-7000-4bea-a2b4-fceff1a92f11;vanessa;2026-02-04 22:23:23.05+00;true;;2026-01-27 21:37:52.370559+00;2026-02-04 22:23:23.493751+00
c5609795-be1b-4696-be7c-2f6d1fd2cedc;	@juujuof;f8834401-7000-4bea-a2b4-fceff1a92f11;vanessa;2026-02-04 22:22:42.351+00;true;;2026-01-27 21:37:51.821855+00;2026-02-04 22:22:42.807476+00
851f4eca-55e6-4c21-9abd-1bf4292103af;	@karolaynelimpi__;f8834401-7000-4bea-a2b4-fceff1a92f11;vanessa;2026-02-04 22:23:20.449+00;true;;2026-01-27 21:37:47.325554+00;2026-02-04 22:23:20.905207+00
9b8df33a-aba0-4a92-8e5a-3d2727675042;	@ryanmaguilabjj;f8834401-7000-4bea-a2b4-fceff1a92f11;vanessa;2026-02-04 22:22:43.067+00;true;;2026-01-27 21:37:52.931864+00;2026-02-04 22:22:43.512885+00
3fdb33a4-240c-41cb-833b-3328da57ada2;	@vitoriamaryaf;f8834401-7000-4bea-a2b4-fceff1a92f11;vanessa;2026-02-04 22:23:24.45+00;true;;2026-01-27 21:37:53.466176+00;2026-02-04 22:23:24.927707+00
e3518999-ffa5-4343-987e-0476967fd5ac;	@_anna.pipolo;f8834401-7000-4bea-a2b4-fceff1a92f11;vanessa;2026-02-04 22:22:43.6+00;true;;2026-01-27 21:37:54.032015+00;2026-02-04 22:22:44.120296+00
93703327-4c1b-408f-9b17-94c140a1e9cc;	@laissousa.ofc;f8834401-7000-4bea-a2b4-fceff1a92f11;vanessa;2026-02-04 22:23:25.599+00;true;;2026-01-27 21:37:54.56777+00;2026-02-04 22:23:26.042674+00
b43d4d8b-3327-4776-82c9-cdbdd89acb29;	@claraferreiradaily;f8834401-7000-4bea-a2b4-fceff1a92f11;vanessa;2026-02-04 22:22:44.116+00;true;;2026-01-27 21:40:02.187858+00;2026-02-04 22:22:44.562909+00
9b218b44-a165-467c-a50a-7c6ad3ed541c;	@karenalencarr;f8834401-7000-4bea-a2b4-fceff1a92f11;vanessa;2026-02-04 22:23:27.15+00;true;;2026-01-27 21:40:02.736832+00;2026-02-04 22:23:27.584972+00
d799c462-0952-4c54-afae-725da5f8ff9f;	@brunalayyoff;f8834401-7000-4bea-a2b4-fceff1a92f11;vanessa;2026-02-04 22:22:44.733+00;true;;2026-01-27 21:40:03.83545+00;2026-02-04 22:22:45.167811+00
e7c6439b-c070-4082-a077-40735f6b5c91;	@vnziin212;f8834401-7000-4bea-a2b4-fceff1a92f11;vanessa;2026-02-04 22:23:28.633+00;true;;2026-01-27 21:40:03.286932+00;2026-02-04 22:23:29.067111+00
8291431c-e908-49c3-ad68-67e2896602b1;	@theffyygomesss;f8834401-7000-4bea-a2b4-fceff1a92f11;vanessa;2026-02-04 22:23:59.316+00;true;;2026-01-27 21:40:01.071109+00;2026-02-04 22:23:59.783834+00
d621fb58-c74f-4e80-960f-c580c41a4cd3;	@indiomal_0;f8834401-7000-4bea-a2b4-fceff1a92f11;vanessa;2026-02-04 22:22:45.434+00;true;;2026-01-27 21:40:04.379769+00;2026-02-04 22:22:45.879489+00
e9dbf011-c9c1-4cce-b567-97445f5f091f;	@r_angelotti;f8834401-7000-4bea-a2b4-fceff1a92f11;vanessa;2026-02-04 22:23:06.834+00;true;;2026-01-27 21:28:23.366884+00;2026-02-04 22:23:07.243737+00
1df37b9e-76be-4035-996e-baf824d33da7;	@djhullyamaral;1c495ccc-461e-4d59-84ac-9cf78f13494c;mizael;2026-02-05 21:47:35.673+00;true;;2026-01-27 15:46:20.747503+00;2026-02-05 21:47:35.546056+00
6b7305d7-b77a-422b-a7a7-2d912a25c7eb;	@pedrin_mcofc;f8834401-7000-4bea-a2b4-fceff1a92f11;vanessa;2026-02-04 22:23:32.583+00;true;;2026-01-27 21:43:37.520566+00;2026-02-04 22:23:33.019106+00
68ae493b-7f76-4a95-86f4-18c7b3e5f526;	@palomatrindaddee;f8834401-7000-4bea-a2b4-fceff1a92f11;vanessa;2026-02-04 22:22:47.933+00;true;;2026-01-27 21:43:36.871578+00;2026-02-04 22:22:48.381526+00
2e54f6ca-4c53-4942-9214-f6b161bd5c67;	@novin22.ofc;f8834401-7000-4bea-a2b4-fceff1a92f11;vanessa;2026-02-04 22:22:48.567+00;true;;2026-01-27 21:43:38.146179+00;2026-02-04 22:22:49.010667+00
d35ec252-a404-4082-b9f2-6a7d67b5c33d;	@mato22reserva;f8834401-7000-4bea-a2b4-fceff1a92f11;vanessa;2026-02-04 22:23:33.632+00;true;;2026-01-27 21:43:38.747371+00;2026-02-04 22:23:34.059656+00
d7204298-869c-4f70-9246-4d63160f0d36;	@karol.macedoo01;f8834401-7000-4bea-a2b4-fceff1a92f11;vanessa;2026-02-04 22:22:50.367+00;true;;2026-01-27 21:43:39.941418+00;2026-02-04 22:22:50.815164+00
523610ee-4fbf-45ba-a3cb-ebe7ce64e6d8;	@dailyyuva;f8834401-7000-4bea-a2b4-fceff1a92f11;vanessa;2026-02-04 22:23:34.682+00;true;;2026-01-27 21:43:39.338242+00;2026-02-04 22:23:35.117077+00
adbb15af-7a47-43c9-988d-bd1d44b5a786;	@gegeomarquess;f8834401-7000-4bea-a2b4-fceff1a92f11;vanessa;2026-02-04 22:23:36.916+00;true;;2026-01-27 21:52:22.419881+00;2026-02-04 22:23:37.354066+00
d2b200c8-51e2-4184-acaa-7e00db1cc52d;	@kleeislaq;f8834401-7000-4bea-a2b4-fceff1a92f11;vanessa;2026-02-04 22:22:50.885+00;true;;2026-01-27 21:52:21.861665+00;2026-02-04 22:22:51.326625+00
a83ef59d-5965-44bd-9129-ee06b808ce6c;	@menortody;f8834401-7000-4bea-a2b4-fceff1a92f11;vanessa;2026-02-04 22:22:51.483+00;true;;2026-01-27 21:52:23.629942+00;2026-02-04 22:22:51.931066+00
637ec901-d9bb-43f9-839b-397be8bead40;	@claaraa.ofc;f8834401-7000-4bea-a2b4-fceff1a92f11;vanessa;2026-02-04 22:23:38.183+00;true;;2026-01-27 21:52:23.006049+00;2026-02-04 22:23:38.625228+00
97248a07-3037-4aba-bf4a-bd7c923edee6;	@anabeatriizof_;f8834401-7000-4bea-a2b4-fceff1a92f11;vanessa;2026-02-04 22:22:52.052+00;true;;2026-01-27 21:52:24.192594+00;2026-02-04 22:22:52.496334+00
6fba0501-0f1f-46f5-a7ca-4d98f4975954;	@jsdatorre;f8834401-7000-4bea-a2b4-fceff1a92f11;vanessa;2026-02-04 22:23:39.434+00;true;;2026-01-27 21:52:24.751453+00;2026-02-04 22:23:39.874223+00
15b05f58-c84c-435b-8ef1-82011bb1a1fe;	@india_perversa04;f8834401-7000-4bea-a2b4-fceff1a92f11;vanessa;2026-02-04 22:22:53.717+00;true;;2026-01-27 21:52:25.873813+00;2026-02-04 22:22:54.16541+00
e21032c3-b3af-47d8-852e-ca09da49171c;	@grazipelucia3;f8834401-7000-4bea-a2b4-fceff1a92f11;vanessa;2026-02-04 22:23:40.532+00;true;;2026-01-27 21:52:25.308788+00;2026-02-04 22:23:40.995212+00
64c635d1-c0c6-49d0-86a4-87398ae5637a;	@cerejinhareserva1;f8834401-7000-4bea-a2b4-fceff1a92f11;vanessa;2026-02-04 22:23:44.55+00;true;;2026-01-27 21:52:29.401322+00;2026-02-04 22:23:44.988267+00
2cc5e36d-94b1-4ebe-beef-5044afb29deb;	@_mariaclra4;f8834401-7000-4bea-a2b4-fceff1a92f11;vanessa;2026-02-04 22:22:54.269+00;true;;2026-01-27 21:52:26.421039+00;2026-02-04 22:22:54.717086+00
9de754cb-2287-48ec-83f8-46f9c57aa22f;	@bruninhaa.willy;f8834401-7000-4bea-a2b4-fceff1a92f11;vanessa;2026-02-04 22:22:55.634+00;true;;2026-01-27 21:52:26.971186+00;2026-02-04 22:22:56.093454+00
a2089de5-e0f7-4b07-9ea8-7d526336564b;	@amanda_santoss01_;f8834401-7000-4bea-a2b4-fceff1a92f11;vanessa;2026-02-04 22:23:45.965+00;true;;2026-01-27 21:52:27.735074+00;2026-02-04 22:23:46.411986+00
38adcbf5-8154-4d06-9d3f-24e29dd320e7;	@jheeofc_;f8834401-7000-4bea-a2b4-fceff1a92f11;vanessa;2026-02-04 22:23:50.848+00;true;;2026-01-28 22:47:48.920627+00;2026-02-04 22:23:51.293262+00
694daec3-3192-4529-b453-811b3959692f;	@amanda.sa.oliveiraa;f8834401-7000-4bea-a2b4-fceff1a92f11;vanessa;2026-02-04 22:22:56.252+00;true;;2026-01-27 21:52:28.296767+00;2026-02-04 22:22:56.697768+00
67f7838a-b4d8-48eb-9955-58be203b275b;	@imalvinofc;f8834401-7000-4bea-a2b4-fceff1a92f11;vanessa;2026-02-04 22:22:57.052+00;true;;2026-01-27 21:52:30.585247+00;2026-02-04 22:22:57.517834+00
1f763f1a-53e2-46af-8a39-4d324e21984d;	@nt22oficial;f8834401-7000-4bea-a2b4-fceff1a92f11;vanessa;2026-01-27 21:53:01.591+00;true;;2026-01-27 21:52:29.942704+00;2026-01-27 21:53:01.866632+00
696b2a19-a8f3-4bb0-b5af-87e9ffab6ce3;	@pahtty_;f8834401-7000-4bea-a2b4-fceff1a92f11;vanessa;2026-02-04 22:22:59.019+00;true;;2026-01-27 21:52:32.304151+00;2026-02-04 22:22:59.470099+00
acaf64cc-9a38-409c-bc71-e38fbd6cb22d;	@mulherfeijoada;f8834401-7000-4bea-a2b4-fceff1a92f11;vanessa;2026-01-27 21:53:02.907+00;true;;2026-01-27 21:52:31.19596+00;2026-01-27 21:53:03.198108+00
e4c50629-f9dc-4047-9f6f-96a552eb914e;	@mayarinhaaofc;7863a806-0593-466e-b697-caad426d38bf;Marina;2026-02-07 16:04:24.072+00;true;;2026-01-28 15:02:48.795473+00;2026-02-07 16:04:24.245934+00
39ad9108-cddf-465c-9e63-8eebdd945976;	@lanaayofical09;f8834401-7000-4bea-a2b4-fceff1a92f11;vanessa;2026-02-04 22:23:00.115+00;true;;2026-01-28 22:46:10.851974+00;2026-02-04 22:23:00.565797+00
111757e9-6986-47a4-9e8b-7d05149c9751;	@vkmidiaa_;7e2a26ab-f32d-4a5c-82f3-249c012931f0;braz;2026-02-03 16:40:38.442+00;true;;2026-01-28 17:14:35.099202+00;2026-02-03 16:40:38.68669+00
89783432-1532-4738-9880-3e3c9ad1bdff;	@cauazinoficial7_;7863a806-0593-466e-b697-caad426d38bf;Marina;2026-01-28 00:20:24.497+00;true;;2026-01-28 00:20:23.004934+00;2026-01-28 00:20:24.683605+00
ef129a7a-994b-441a-a5ca-f2326d7dcba5;	@ahcaarvalho;110c225f-7f68-44c9-b45a-c1dda2b275f5;gabriel arcanjo;;true;;2026-01-28 18:39:09.904796+00;2026-02-09 19:29:12.904878+00
cfbaed0f-b809-44d1-8a09-ca85ee89dccf;	@bjmenezes;7863a806-0593-466e-b697-caad426d38bf;Marina;2026-02-07 16:04:24.888+00;true;;2026-01-28 15:02:59.961924+00;2026-02-07 16:04:25.070905+00
759309c7-4426-4326-a7c3-2664eddfad9e;	@marquess_022;a5db3270-506c-4664-84f8-0d81e8883111;miguerl portela;2026-02-08 05:49:17.278+00;true;;2026-01-29 21:29:47.11114+00;2026-02-08 05:49:18.807827+00
4d494e84-6778-42eb-8f23-6041ee8685ca;	@yasmintralhaa;f10cf97a-3893-4129-83ec-7c093efcd5bc;Agatha ;2026-02-03 16:43:22.292+00;true;;2026-01-28 22:11:16.005291+00;2026-02-03 16:43:22.522217+00
544d8f31-a84f-4522-b0af-347869390526;	@reserva_boapinta;7e2a26ab-f32d-4a5c-82f3-249c012931f0;braz;2026-01-28 19:15:51.918+00;true;;2026-01-28 19:15:49.751261+00;2026-01-28 19:15:52.178673+00
7b3c0c9c-113a-49bf-ac6c-b78b6e296f41;	@isa_original7;f8834401-7000-4bea-a2b4-fceff1a92f11;vanessa;2026-02-06 23:03:10.979+00;true;;2026-01-27 21:52:31.751399+00;2026-02-06 23:03:11.484067+00
62964899-e711-4354-af0e-6608aa199c4a;	@smlll021;f8834401-7000-4bea-a2b4-fceff1a92f11;vanessa;2026-02-04 22:22:47.299+00;true;;2026-01-27 21:43:36.271536+00;2026-02-04 22:22:47.748144+00
b15b9133-9b23-403a-803d-3e0abaefbbfb;	@kauapiloto021;a5db3270-506c-4664-84f8-0d81e8883111;miguerl portela;2026-02-08 05:49:28.462+00;true;;2026-01-30 16:27:48.201809+00;2026-02-08 05:49:29.994213+00
54a632a6-f2c6-4da9-9dc3-ba0ce29cc6bb;	@lc.tutorial00;110c225f-7f68-44c9-b45a-c1dda2b275f5;gabriel arcanjo;;true;;2026-01-28 18:39:10.504714+00;2026-02-02 16:26:27.412466+00
3a67189c-37d1-4978-8b40-b136265e5a5b;	@rudugerio77;110c225f-7f68-44c9-b45a-c1dda2b275f5;gabriel arcanjo;;true;;2026-01-28 18:39:11.033479+00;2026-02-02 16:26:24.607669+00
1a26148e-2163-4357-966a-7acbd49f979d;	@lyviacunha__;110c225f-7f68-44c9-b45a-c1dda2b275f5;gabriel arcanjo;;true;;2026-01-28 18:47:33.445582+00;2026-02-02 16:26:22.041969+00
023779b6-68d1-4fd5-9652-14ca10b035c5;	@dudaamel;f8834401-7000-4bea-a2b4-fceff1a92f11;vanessa;2026-02-04 22:23:02.25+00;true;;2026-01-29 22:54:03.323754+00;2026-02-04 22:23:02.706193+00
7a1a669a-6932-4b6b-a662-b1e221476505;	@eududa_ee;f8834401-7000-4bea-a2b4-fceff1a92f11;vanessa;2026-01-28 22:46:50.164+00;true;;2026-01-28 22:46:46.545045+00;2026-01-28 22:46:50.516828+00
0309cbf9-ca0e-42d4-958e-1025f241bec4;	@luusouzaof;7e2a26ab-f32d-4a5c-82f3-249c012931f0;braz;2026-02-02 22:42:02.185+00;true;;2026-01-27 22:15:24.502033+00;2026-02-02 22:42:02.411181+00
1588797c-f6d6-483e-a693-a818cb19ae62;	@bernardocacella;7e2a26ab-f32d-4a5c-82f3-249c012931f0;braz;2026-01-29 17:44:39.49+00;true;;2026-01-29 17:44:37.053462+00;2026-01-29 17:44:39.897353+00
205241ed-0abe-409e-bfed-b93095e45c14;	@vinixiste;7e2a26ab-f32d-4a5c-82f3-249c012931f0;braz;2026-01-29 19:12:43.25+00;true;;2026-01-29 19:12:41.746889+00;2026-01-29 19:12:43.578563+00
a05583a8-171b-4f42-9059-2c32d41b1aea;	@mcangell3;b8d2f84c-4f7e-4285-a037-e19c70b8eedf;felipe_viana;;true;;2026-01-29 19:24:24.026235+00;2026-01-29 19:24:24.026235+00
ed277085-6be4-4856-900c-811fc8808fcf;	@turista_grau;a5db3270-506c-4664-84f8-0d81e8883111;miguerl portela;2026-02-08 05:49:24.782+00;true;;2026-01-29 21:40:37.321357+00;2026-02-08 05:49:26.322258+00
6086d2fb-f835-4a5f-a88b-14d33723366e;	@euvitoriaketilly;a5db3270-506c-4664-84f8-0d81e8883111;miguerl portela;2026-02-08 05:49:24.214+00;true;;2026-01-27 20:05:41.512547+00;2026-02-08 05:49:25.765857+00
4ba67362-0f47-4f71-9160-4ff56d3ebe21;	@kauan_dtn;a5db3270-506c-4664-84f8-0d81e8883111;miguerl portela;2026-02-08 05:49:25.526+00;true;;2026-01-27 21:52:28.859338+00;2026-02-08 05:49:27.054752+00
f5a7847d-f9ca-45ac-b87a-460b89afe4cc;	@smlll21;7863a806-0593-466e-b697-caad426d38bf;Marina;;true;;2026-01-28 15:02:35.732887+00;2026-02-03 18:36:16.976014+00
ed1b3ce5-d3b5-4b12-bade-d72c4a7bd3a8;	@__thayymachado;110c225f-7f68-44c9-b45a-c1dda2b275f5;gabriel arcanjo;;true;;2026-01-29 22:45:38.735237+00;2026-02-02 16:11:41.405615+00
77be2650-6023-43b3-96d5-1315069cb137;	@mandrackgrauu;f8834401-7000-4bea-a2b4-fceff1a92f11;vanessa;2026-02-04 22:23:04.116+00;true;;2026-01-29 22:54:04.604206+00;2026-02-04 22:23:04.612295+00
ecbe8868-daa3-4d77-979a-d87f557d1ebf;	@brulliiss;f8834401-7000-4bea-a2b4-fceff1a92f11;vanessa;2026-01-29 22:54:12.172+00;true;;2026-01-29 22:54:03.97984+00;2026-01-29 22:54:12.937393+00
0fbdc3f7-9fd8-4a33-8860-03478fe6735b;	@raybritoofc2;f8834401-7000-4bea-a2b4-fceff1a92f11;vanessa;2026-02-04 22:23:04.901+00;true;;2026-01-29 22:54:05.224188+00;2026-02-04 22:23:05.357279+00
d03a7f81-50e6-4def-a73d-960429918dc2;	@romeuandrade_81;f8834401-7000-4bea-a2b4-fceff1a92f11;vanessa;2026-02-04 22:23:29.732+00;true;;2026-01-27 21:40:01.628598+00;2026-02-04 22:23:30.184514+00
e523091b-068a-4087-967a-fc3b4a0ae389;	@cauanyof;f8834401-7000-4bea-a2b4-fceff1a92f11;vanessa;2026-01-29 22:54:14.357+00;true;;2026-01-29 22:54:05.946379+00;2026-01-29 22:54:14.714173+00
f361cbef-64a4-4deb-b713-8a356130fcc4;	@willyanvicent_;1c495ccc-461e-4d59-84ac-9cf78f13494c;mizael;2026-01-30 16:17:18.849+00;true;;2026-01-30 16:17:11.519635+00;2026-01-30 16:17:17.584645+00
2eafe128-84be-4e44-99fe-6cf903973af9;	@a_karollsx;7e2a26ab-f32d-4a5c-82f3-249c012931f0;braz;2026-02-09 15:14:01.837+00;true;;2026-01-28 19:00:57.316406+00;2026-02-09 15:14:02.242943+00
50630e23-4a4d-4a30-9986-fb574a615bd0;	@rafaeluna26;1c495ccc-461e-4d59-84ac-9cf78f13494c;mizael;;true;;2026-01-30 16:31:44.290861+00;2026-01-30 16:31:44.290861+00
57b96c8c-d136-4b92-9567-e6235d32e778;	@mooraes;1c495ccc-461e-4d59-84ac-9cf78f13494c;mizael;2026-02-09 15:49:38.222+00;true;;2026-01-28 13:55:47.957268+00;2026-02-09 15:49:38.046117+00
3806c1aa-69eb-4cd4-85b7-38dbedd6f916;	@kammyllymaria;7e2a26ab-f32d-4a5c-82f3-249c012931f0;braz;2026-01-30 22:22:49.112+00;true;;2026-01-30 22:22:47.147109+00;2026-01-30 22:22:49.5161+00
bfef0ed9-077b-4fb1-b438-dbb3abd98632;	@mottaa_ofc;110c225f-7f68-44c9-b45a-c1dda2b275f5;gabriel arcanjo;;true;;2026-01-29 22:45:39.633105+00;2026-02-02 16:06:49.711171+00
7753d105-3271-407c-9f61-f0b766bae053;	@_iaewesley2;f8834401-7000-4bea-a2b4-fceff1a92f11;vanessa;2026-02-04 22:23:31.217+00;true;;2026-01-27 21:43:35.673835+00;2026-02-04 22:23:31.665214+00
d71230ce-457c-4135-a1a7-eac97a9d3c22;	@babyafera1;447ccea6-bad2-47ce-9ef6-024e66582ff9;Moreau;2026-02-05 16:09:43.861+00;true;V.Moreau;2026-02-03 19:12:05.086359+00;2026-02-05 16:09:44.5114+00
b731c33e-54c2-4bf2-a777-6f45ddbb02b0;	@japinhavdgs;b8d2f84c-4f7e-4285-a037-e19c70b8eedf;felipe_viana;2026-02-01 22:14:03.928+00;true;;2026-02-01 22:13:58.320872+00;2026-02-01 22:14:04.236277+00
d845fa27-627e-4815-9eef-151c543104f8;	@ayanleonardo;ffb106bd-c4cb-462c-878e-2812834328ae;Vicente jr;;true;;2026-01-31 20:44:51.53391+00;2026-02-01 23:40:32.096099+00
673065ec-0893-4534-b435-f1e1dab34bdb;	@trickpedro;1c495ccc-461e-4d59-84ac-9cf78f13494c;mizael;2026-02-02 16:14:25.297+00;true;;2026-02-02 16:14:16.833936+00;2026-02-02 16:14:22.859391+00
13e739ea-75e1-4e33-9f47-7e5e24190079;	@021.malu;110c225f-7f68-44c9-b45a-c1dda2b275f5;gabriel arcanjo;;true;;2026-02-02 16:35:43.187754+00;2026-02-02 16:35:43.187754+00
0932d7d0-0da1-40f3-843e-7090ddc45528;	@_skauanny;110c225f-7f68-44c9-b45a-c1dda2b275f5;gabriel arcanjo;;true;;2026-02-02 16:35:43.883232+00;2026-02-02 16:35:43.883232+00
ad5498cb-c403-4d07-a757-35fe1aa99acd;	@carrlafaria;110c225f-7f68-44c9-b45a-c1dda2b275f5;gabriel arcanjo;;true;;2026-02-02 16:35:44.867441+00;2026-02-02 16:35:44.867441+00
2a36282f-6cf8-4625-9a40-d26088d0e764;	@euvitoriahh_;110c225f-7f68-44c9-b45a-c1dda2b275f5;gabriel arcanjo;2026-02-02 16:36:56.549+00;true;;2026-02-02 16:35:42.469352+00;2026-02-02 16:36:22.31869+00
4defc66b-b587-4f2a-b785-362656a6157d;	@ggabiolv;447ccea6-bad2-47ce-9ef6-024e66582ff9;Moreau;2026-02-02 17:01:57.243+00;true;V.Moreau;2026-02-02 17:01:37.921726+00;2026-02-02 17:01:57.268563+00
ecbed31b-ef3c-45e1-b1b0-7c92f2d04632;	@nandaraysel__;1c495ccc-461e-4d59-84ac-9cf78f13494c;mizael;2026-02-02 18:42:32.492+00;true;;2026-02-02 18:41:39.327311+00;2026-02-02 18:42:30.117005+00
99c463c5-ec94-4963-955b-851867bbcb4a;	@leticiaakamine_;1c495ccc-461e-4d59-84ac-9cf78f13494c;mizael;2026-02-09 15:49:19.601+00;true;;2026-02-02 18:41:52.210693+00;2026-02-09 15:49:19.423148+00
05f71739-b291-4349-b8ea-357b800c00dc;	@natyfrancoz;a5db3270-506c-4664-84f8-0d81e8883111;miguerl portela;2026-02-08 05:49:18.683+00;true;;2026-02-02 19:05:48.490703+00;2026-02-08 05:49:20.255885+00
894d1240-314f-456a-86b1-efe727e46e5c;	@cleytonrodriguesc;a5db3270-506c-4664-84f8-0d81e8883111;miguerl portela;2026-02-08 05:49:19.273+00;true;;2026-02-02 19:05:49.627843+00;2026-02-08 05:49:20.808585+00
5e46ec5b-1f7b-440b-a5f8-fc137e43262d;	@galega_lobinha;a5db3270-506c-4664-84f8-0d81e8883111;miguerl portela;2026-02-08 05:50:33.302+00;true;;2026-02-04 22:26:19.143282+00;2026-02-08 05:50:34.830454+00
b9c90d01-1c7c-42bf-9098-1298023ace6e;	@annacatarinaoficia;a5db3270-506c-4664-84f8-0d81e8883111;miguerl portela;2026-02-08 05:49:59.846+00;true;;2026-02-02 19:05:49.07647+00;2026-02-08 05:50:01.400451+00
e369f053-a7f4-483d-8f80-107d3c68f997;	@mcbella_secundaria;7e2a26ab-f32d-4a5c-82f3-249c012931f0;braz;2026-02-04 22:14:57.942+00;true;;2026-02-04 22:14:55.670521+00;2026-02-04 22:14:58.218824+00
fd52bb9c-59f5-4075-a9fe-117492cb8c8a;	@richard_goncalvsss;1c495ccc-461e-4d59-84ac-9cf78f13494c;mizael;2026-02-02 20:40:34.279+00;true;;2026-02-02 20:40:27.807106+00;2026-02-02 20:40:32.052997+00
60e91e36-3ce0-4d9d-b15e-635653f689fc;	@jujuliafranco_;110c225f-7f68-44c9-b45a-c1dda2b275f5;gabriel arcanjo;;true;;2026-02-03 16:49:22.521803+00;2026-02-09 19:28:57.262684+00
ab3698d2-123b-4cb9-bc1a-ddb625ef10e7;	@mayaragoncalves18;7e2a26ab-f32d-4a5c-82f3-249c012931f0;braz;2026-02-02 22:47:19.402+00;true;;2026-02-02 22:47:17.898177+00;2026-02-02 22:47:19.66859+00
c061d2e1-28e3-43da-b7f0-41409fd90ddd;	@camilaalimaa_;447ccea6-bad2-47ce-9ef6-024e66582ff9;Moreau;2026-02-03 12:05:21.472+00;true;V.Moreau;2026-02-03 12:05:10.970216+00;2026-02-03 12:05:21.616297+00
d6499053-8be0-4541-b01f-07ba3cdd8e88;	@gabiimarquesx;706b3000-2fcb-4f72-b3da-ee445b0a16c9;bnardocouto;2026-02-03 14:08:50.717+00;true;;2026-02-03 14:08:42.470517+00;2026-02-03 14:08:51.147649+00
5591719f-d902-47c8-ab08-e02383a2be82;	@reservaannabia;706b3000-2fcb-4f72-b3da-ee445b0a16c9;bnardocouto;2026-02-03 14:08:53.974+00;true;;2026-02-03 14:08:43.050994+00;2026-02-03 14:08:54.41135+00
d348ecb2-6de4-4ff0-8e3e-ae6ab4ee2d99;	@junior5ouza;706b3000-2fcb-4f72-b3da-ee445b0a16c9;bnardocouto;2026-02-03 14:08:55.603+00;true;;2026-02-03 14:08:43.617066+00;2026-02-03 14:08:56.028579+00
e95779fc-d421-4738-8401-b1535f81c5ed;	@juremabombom;706b3000-2fcb-4f72-b3da-ee445b0a16c9;bnardocouto;2026-02-03 14:08:57.064+00;true;;2026-02-03 14:08:44.211988+00;2026-02-03 14:08:57.570051+00
62fbf230-6645-494f-91af-036c08f5defc;	@arthurdutra;706b3000-2fcb-4f72-b3da-ee445b0a16c9;bnardocouto;2026-02-03 14:08:58.548+00;true;;2026-02-03 14:08:44.793+00;2026-02-03 14:08:58.959385+00
61692dca-bcfc-400d-b5d5-5f59d533fd3e;	@a_gatinhaaa;706b3000-2fcb-4f72-b3da-ee445b0a16c9;bnardocouto;2026-02-03 14:08:59.918+00;true;;2026-02-03 14:08:45.358441+00;2026-02-03 14:09:00.341445+00
86db060c-50cc-4cf9-a94b-4aa61d6384c0;	@juujuferrari;f10cf97a-3893-4129-83ec-7c093efcd5bc;Agatha ;2026-02-03 16:43:48.393+00;true;;2026-02-03 16:41:50.5748+00;2026-02-03 16:43:48.670361+00
75115d90-db9b-437f-9220-63b49783fac1;	@lorrany.cfs;f10cf97a-3893-4129-83ec-7c093efcd5bc;Agatha ;2026-02-03 16:43:50.36+00;true;;2026-02-03 16:43:23.492787+00;2026-02-03 16:43:50.616092+00
4a47b64d-16a6-4478-855e-1e9a50144f0a;	@e_neeryy;f10cf97a-3893-4129-83ec-7c093efcd5bc;Agatha ;2026-02-03 16:45:33.045+00;true;;2026-02-03 16:45:26.314885+00;2026-02-03 16:45:33.301255+00
8ada6772-92d7-4d36-8f9f-7283580d6984;	@allehziiinho;f10cf97a-3893-4129-83ec-7c093efcd5bc;Agatha ;2026-02-03 16:45:34.905+00;true;;2026-02-03 16:45:26.831465+00;2026-02-03 16:45:35.149976+00
772f6be6-d0d3-433b-b996-549372d9d168;	@buenobeareserva;f10cf97a-3893-4129-83ec-7c093efcd5bc;Agatha ;2026-02-03 16:47:31.425+00;true;;2026-02-03 16:47:26.523589+00;2026-02-03 16:47:31.719373+00
a65cbf46-035b-4f02-9687-c0d1138a2ea6;	@eusamyra;f10cf97a-3893-4129-83ec-7c093efcd5bc;Agatha ;2026-02-03 16:47:33.375+00;true;;2026-02-03 16:47:27.055693+00;2026-02-03 16:47:33.610126+00
d8e10bf6-17d2-4a5b-9327-900a427c4097;	@gemeasgama;7e2a26ab-f32d-4a5c-82f3-249c012931f0;braz;2026-02-03 21:01:27.13+00;true;;2026-02-03 21:01:23.54238+00;2026-02-03 21:01:27.435234+00
abd3977a-6caa-4c64-854c-c216a02165c4;	@nay_bubu_reserva_;7e2a26ab-f32d-4a5c-82f3-249c012931f0;braz;2026-02-09 17:26:19.221+00;true;;2026-02-02 22:44:50.939976+00;2026-02-09 17:26:19.570814+00
bcae3548-ebf3-46a9-b925-8ba0c6734732;	@fariasruanzinhoofc;7e2a26ab-f32d-4a5c-82f3-249c012931f0;braz;2026-02-03 17:19:37.028+00;true;;2026-02-03 17:19:30.582177+00;2026-02-03 17:19:37.28509+00
30c21668-b7dc-4229-add9-7af9680c877c;	@nicolleguimaraesss.;1c495ccc-461e-4d59-84ac-9cf78f13494c;mizael;2026-02-04 20:44:28.837+00;true;;2026-02-04 20:44:25.848969+00;2026-02-04 20:44:29.186527+00
de2df254-5a67-4e1c-9ecd-cd292c2deae4;	@eucarioca00;110c225f-7f68-44c9-b45a-c1dda2b275f5;gabriel arcanjo;;true;;2026-02-04 19:41:24.235829+00;2026-02-09 19:29:04.339522+00
cfc22993-db52-4c05-8caf-a9bc8f09949d;	@kloe_cartielx;110c225f-7f68-44c9-b45a-c1dda2b275f5;gabriel arcanjo;;true;;2026-02-02 16:35:46.517136+00;2026-02-03 17:25:30.918826+00
d1f2231f-ea91-4e6d-a75c-3e11e5207abb;	@euingridvitoria._;7e2a26ab-f32d-4a5c-82f3-249c012931f0;braz;2026-02-03 17:28:19.876+00;true;;2026-02-03 17:28:17.406147+00;2026-02-03 17:28:20.109353+00
2e29fe4b-117d-400e-90db-564b7afc1604;	@klarax.sz;7863a806-0593-466e-b697-caad426d38bf;Marina;;true;;2026-02-03 18:36:07.115687+00;2026-02-03 18:36:07.115687+00
fa94b5f1-4bce-4444-b4a4-60de7a3f7b15;	@hiagoxr_;110c225f-7f68-44c9-b45a-c1dda2b275f5;gabriel arcanjo;;true;;2026-02-04 19:41:24.846107+00;2026-02-09 19:29:09.272675+00
eba91542-eb29-4a3e-ba4c-04e9e0b99780;	@lluua_00;447ccea6-bad2-47ce-9ef6-024e66582ff9;Moreau;2026-02-03 19:21:51.772+00;true;V.Moreau;2026-02-03 19:21:50.452236+00;2026-02-03 19:21:52.542776+00
9a16b972-366a-40ae-a57f-b01088162ded;	@kevinlucasssoficial;7e2a26ab-f32d-4a5c-82f3-249c012931f0;braz;2026-02-03 21:12:01.031+00;true;;2026-02-03 21:11:59.621668+00;2026-02-03 21:12:01.334387+00
16fbf80e-b9a3-4eca-9f44-732d4e05a095;	@dbora_oliverah;b8d2f84c-4f7e-4285-a037-e19c70b8eedf;felipe_viana;;true;;2026-02-01 22:13:20.664272+00;2026-02-03 23:06:16.453108+00
4e231569-eda7-4167-b452-c3be1de63f5e;	@kevindener_ofc;b8d2f84c-4f7e-4285-a037-e19c70b8eedf;felipe_viana;;true;;2026-02-01 21:33:06.892014+00;2026-02-03 23:06:20.573485+00
f1c4c2d6-ce38-4d93-b58f-08aa0d8a2920;	@duuda_diias;b8d2f84c-4f7e-4285-a037-e19c70b8eedf;felipe_viana;2026-02-03 23:07:46.015+00;true;;2026-02-03 23:07:43.723451+00;2026-02-03 23:07:46.616089+00
b275e3b3-1893-4cca-a4a8-9fa220468a5b;	@esthrduarte;110c225f-7f68-44c9-b45a-c1dda2b275f5;gabriel arcanjo;;true;;2026-02-03 16:49:20.081023+00;2026-02-04 10:33:01.35185+00
b06a0395-72d8-4788-851f-236c98f7cc6e;	@guilherme_paes01;7e2a26ab-f32d-4a5c-82f3-249c012931f0;braz;2026-02-04 19:19:59.213+00;true;;2026-02-04 19:19:56.518773+00;2026-02-04 19:19:59.568297+00
5bde73a5-aa57-4ff5-8019-9ba9ff29137b;	@balarinixz;1c495ccc-461e-4d59-84ac-9cf78f13494c;mizael;;true;;2026-02-04 20:44:43.336099+00;2026-02-04 20:44:43.336099+00
4fbc59e6-e8b7-4d70-8df2-a0427595cf47;	@mcteteu;1c495ccc-461e-4d59-84ac-9cf78f13494c;mizael;2026-02-04 20:44:58.163+00;true;;2026-02-02 19:26:00.42137+00;2026-02-04 20:44:58.528686+00
67c3a78b-5b48-4127-ba37-397e7b2fa753;	@izamenezesz__;110c225f-7f68-44c9-b45a-c1dda2b275f5;gabriel arcanjo;;true;;2026-02-04 19:41:22.111146+00;2026-02-04 22:16:07.842743+00
b0d3fbe3-efb6-4b2e-b0bf-50e526ecc8eb;	@orgchefinho1;1c495ccc-461e-4d59-84ac-9cf78f13494c;mizael;2026-02-09 15:49:07.58+00;true;;2026-02-02 18:42:05.418087+00;2026-02-09 15:49:07.398901+00
178f3132-b071-4a6f-8a29-e85e2a5f90cb;	@marcela_bh00;f8834401-7000-4bea-a2b4-fceff1a92f11;vanessa;2026-02-04 22:31:31.622+00;true;;2026-02-04 22:31:20.045512+00;2026-02-04 22:31:31.944338+00
4ecdcdc6-2db7-4d91-9068-19fbec41afd9;	@mayrlamidiia;f8834401-7000-4bea-a2b4-fceff1a92f11;vanessa;2026-02-04 22:31:32.22+00;true;;2026-02-04 22:31:20.613178+00;2026-02-04 22:31:32.54024+00
bcd92f2b-4d63-45ed-8d6d-ab389f0c7b8d;	@dimelsete;f8834401-7000-4bea-a2b4-fceff1a92f11;vanessa;2026-02-04 22:31:32.921+00;true;;2026-02-04 22:31:21.155401+00;2026-02-04 22:31:33.263983+00
a2c3a20f-9cdb-4aec-8a0d-383b57fe66d1;	@arauj4daynn_;f8834401-7000-4bea-a2b4-fceff1a92f11;vanessa;2026-02-04 22:31:33.486+00;true;;2026-02-04 22:31:21.710863+00;2026-02-04 22:31:33.81724+00
67099eb2-83d0-449c-b854-19418590421e;	@sillvatt;f8834401-7000-4bea-a2b4-fceff1a92f11;vanessa;2026-02-04 22:31:34.076+00;true;;2026-02-04 22:31:22.255441+00;2026-02-04 22:31:34.392045+00
7e67f9a4-2e49-44c7-8066-c4e9f7126ea4;	@vzpedrin;f8834401-7000-4bea-a2b4-fceff1a92f11;vanessa;2026-02-04 22:31:35.855+00;true;;2026-02-04 22:31:23.35344+00;2026-02-04 22:31:36.183238+00
e91a927b-032d-4a37-803d-4cc3e4e0fd5a;	@ana_rsbj;110c225f-7f68-44c9-b45a-c1dda2b275f5;gabriel arcanjo;;true;;2026-02-02 16:35:45.727874+00;2026-02-05 03:35:58.884558+00
4282df5a-9460-4a6f-a551-4b7de7c8a396;	@maa_ramosss;110c225f-7f68-44c9-b45a-c1dda2b275f5;gabriel arcanjo;;true;;2026-02-03 16:49:21.934908+00;2026-02-09 19:29:17.492838+00
59dba5f2-4096-4bdd-bf66-345ac5cd5692;	@rlkgebeofc7;a5db3270-506c-4664-84f8-0d81e8883111;miguerl portela;2026-02-08 05:49:18.001+00;true;;2026-02-02 19:05:47.871357+00;2026-02-08 05:49:19.552643+00
1bececf7-758c-42f6-9e83-188b9ab216bb;	@forguede;7e2a26ab-f32d-4a5c-82f3-249c012931f0;braz;2026-02-09 15:13:56.911+00;true;;2026-02-04 22:20:21.818486+00;2026-02-09 15:13:57.291247+00
402384ec-1a7f-44ff-ab44-9b70519fb9e5;	@grimedeputu;f8834401-7000-4bea-a2b4-fceff1a92f11;vanessa;2026-02-04 22:31:30.504+00;true;;2026-02-04 22:31:18.656171+00;2026-02-04 22:31:30.863344+00
b9b9b473-8f86-4cbe-b65f-1fc988819d55;	@kemillysantoz;f8834401-7000-4bea-a2b4-fceff1a92f11;vanessa;2026-02-04 22:31:31.038+00;true;;2026-02-04 22:31:19.336496+00;2026-02-04 22:31:31.384953+00
b2cc4ce1-24ed-4b8d-805c-746bec2a8018;	@iurizinh0;f8834401-7000-4bea-a2b4-fceff1a92f11;vanessa;2026-02-04 22:31:34.686+00;true;;2026-02-04 22:31:22.803755+00;2026-02-04 22:31:35.00934+00
ec64af33-9dff-4e19-b133-41c7df9398c9;	@edugrau46;b8d2f84c-4f7e-4285-a037-e19c70b8eedf;felipe_viana;;true;;2026-02-05 17:32:53.506852+00;2026-02-05 17:32:53.506852+00
ae855f75-5a0c-43e9-ad52-4bd362d71f35;	@zoidegato.7;a5db3270-506c-4664-84f8-0d81e8883111;miguerl portela;2026-02-08 05:51:32.934+00;true;;2026-02-08 05:51:31.115394+00;2026-02-08 05:51:34.471905+00
dff3a0ea-9923-49b7-957d-63a527524e6c;	@arthurzx.33;f8834401-7000-4bea-a2b4-fceff1a92f11;vanessa;;true;;2026-02-05 22:38:29.3719+00;2026-02-05 22:38:29.3719+00
80702d90-6734-4248-b1aa-ca34c82c84a3;	@natathai01;f8834401-7000-4bea-a2b4-fceff1a92f11;vanessa;;true;;2026-02-05 22:38:30.551825+00;2026-02-05 22:38:30.551825+00
78c9cff0-cbe8-4e26-99f6-d219417bcd46;	@ronaldinhoytb;a5db3270-506c-4664-84f8-0d81e8883111;miguerl portela;2026-02-08 05:51:36.046+00;true;;2026-02-08 05:51:29.532221+00;2026-02-08 05:51:37.582146+00
9663614b-225f-4671-8d03-d158e9d3a6db;	@eugersonoficial;a5db3270-506c-4664-84f8-0d81e8883111;miguerl portela;2026-02-08 05:51:38.862+00;true;;2026-02-08 05:51:28.992356+00;2026-02-08 05:51:40.406353+00
1a4ee319-79f4-454d-af28-f360c6854361;	@lieneshow_oficial;a5db3270-506c-4664-84f8-0d81e8883111;miguerl portela;2026-02-08 05:51:42.31+00;true;;2026-02-08 05:51:30.05594+00;2026-02-08 05:51:43.848463+00
162a5013-0a75-4dc1-b4be-7355e75072e4;	@poca.sombra_yt;f10cf97a-3893-4129-83ec-7c093efcd5bc;Agatha ;2026-02-06 20:26:00.569+00;true;;2026-02-06 20:25:54.055701+00;2026-02-06 20:26:00.779738+00
f0314385-0dd5-40ce-9a55-dbe30d41cd3a;	@claracastilho._;f10cf97a-3893-4129-83ec-7c093efcd5bc;Agatha ;2026-02-06 20:26:06.523+00;true;;2026-02-06 20:25:53.077824+00;2026-02-06 20:26:06.763921+00
0ff2a1c6-9268-499f-a20b-e0b9ee7b17a2;	@tralha051;f10cf97a-3893-4129-83ec-7c093efcd5bc;Agatha ;2026-02-06 20:26:09.855+00;true;;2026-02-06 20:25:52.362709+00;2026-02-06 20:26:10.104439+00
e9868526-a1c7-4a68-b3a8-18c8de43fbce;	@havenaoficial;a5db3270-506c-4664-84f8-0d81e8883111;miguerl portela;2026-02-08 05:51:45.83+00;true;;2026-02-08 05:51:30.587303+00;2026-02-08 05:51:47.370895+00
c553d669-4ff5-4388-9236-9f70b260a44f;	@llvitoria7;f8834401-7000-4bea-a2b4-fceff1a92f11;vanessa;2026-02-06 23:03:06.797+00;true;;2026-02-05 22:38:29.984787+00;2026-02-06 23:03:07.27465+00
446b4c08-95a9-4fbc-9db6-15e96fe78f40;	@julliacristina20;447ccea6-bad2-47ce-9ef6-024e66582ff9;Moreau;2026-02-07 17:47:34.731+00;true;V.Moreau;2026-02-07 17:47:27.410512+00;2026-02-07 17:47:36.404722+00
32fe3704-0a00-4efd-9e6f-2b7daaf26850;	@rebecamento;7e2a26ab-f32d-4a5c-82f3-249c012931f0;braz;2026-02-09 19:16:20.074+00;true;;2026-02-09 19:16:18.208973+00;2026-02-09 19:16:20.451476+00
bfab544c-a4dd-43a3-9b87-6f358983376f;	@duduzinhosrofc;7e2a26ab-f32d-4a5c-82f3-249c012931f0;braz;2026-02-09 20:22:58.772+00;true;;2026-02-09 20:22:56.530975+00;2026-02-09 20:22:59.131501+00
d26af015-9c09-4d53-a68c-becb9c414cb2;	@luathay7_;a5db3270-506c-4664-84f8-0d81e8883111;miguerl portela;2026-02-08 05:50:07.694+00;true;;2026-02-08 05:49:58.141223+00;2026-02-08 05:50:09.240318+00
38b094aa-9d8e-423a-9bf0-33358560adeb;	@babiii_pontes;a5db3270-506c-4664-84f8-0d81e8883111;miguerl portela;2026-02-08 05:50:08.278+00;true;;2026-02-08 05:49:57.625125+00;2026-02-08 05:50:09.817472+00
d33901f4-d18d-4964-8e68-79626af0b30a;	@tatianemelooficial;a5db3270-506c-4664-84f8-0d81e8883111;miguerl portela;2026-02-08 05:50:20.798+00;true;;2026-02-08 05:49:57.104535+00;2026-02-08 05:50:22.337557+00
71146b89-bfee-4600-a501-018ab89466cf;	@kaynunes_ofc;a5db3270-506c-4664-84f8-0d81e8883111;miguerl portela;2026-02-08 05:50:26.606+00;true;;2026-02-08 05:49:02.534757+00;2026-02-08 05:50:28.134297+00
d1db2622-e666-468d-9159-8cc529246be6;	@thefyygomeess_;a5db3270-506c-4664-84f8-0d81e8883111;miguerl portela;2026-02-08 05:50:28.718+00;true;;2026-02-08 05:49:03.703626+00;2026-02-08 05:50:30.262632+00
c9481743-3fc4-4e78-a53a-60c07b592dbc;	@_rapunzeloficiallll;a5db3270-506c-4664-84f8-0d81e8883111;miguerl portela;2026-02-08 05:50:31.086+00;true;;2026-02-08 05:49:01.930621+00;2026-02-08 05:50:32.61878+00
dfe6faab-419c-44ac-95ce-ea65c99fc4dc;	@donordeste00;a5db3270-506c-4664-84f8-0d81e8883111;miguerl portela;2026-02-08 05:50:35.598+00;true;;2026-02-08 05:49:03.098043+00;2026-02-08 05:50:37.142601+00
6d5c15a6-ef0e-4719-a5da-3fa708bab113;	@gegesouzaa__;a5db3270-506c-4664-84f8-0d81e8883111;miguerl portela;2026-02-08 05:50:37.918+00;true;;2026-02-08 05:49:04.250299+00;2026-02-08 05:50:39.455093+00
488f80e0-5bc1-485a-aa0f-fe7335aa119a;	@boapinta011;a5db3270-506c-4664-84f8-0d81e8883111;miguerl portela;2026-02-08 05:50:39.271+00;true;;2026-02-08 05:49:04.767956+00;2026-02-08 05:50:40.796696+00
303fbd5f-76f7-42d4-922b-d03f1db08fbb;	@annacatarinaoficial;a5db3270-506c-4664-84f8-0d81e8883111;miguerl portela;2026-02-08 05:50:40.806+00;true;;2026-02-08 05:49:05.276223+00;2026-02-08 05:50:42.331315+00
6f17d1a4-a740-4540-adc5-45a61e6cbf0a;	@myllinhaofc_;a5db3270-506c-4664-84f8-0d81e8883111;miguerl portela;2026-02-08 05:50:41.974+00;true;;2026-02-08 05:49:55.023293+00;2026-02-08 05:50:43.502869+00
be942577-b4a1-4eb8-bc05-fb75227ccafb;	@rayra_dianna;a5db3270-506c-4664-84f8-0d81e8883111;miguerl portela;2026-02-08 05:50:44.173+00;true;;2026-02-08 05:49:55.556568+00;2026-02-08 05:50:45.700475+00
73963adf-ca0d-4706-869c-2a3b448de7b0;	@eumontell;a5db3270-506c-4664-84f8-0d81e8883111;miguerl portela;2026-02-08 05:50:46.758+00;true;;2026-02-08 05:49:56.075941+00;2026-02-08 05:50:48.297192+00
318dea25-b013-433d-a40b-b61ad112358b;	@alencarr__amanda;a5db3270-506c-4664-84f8-0d81e8883111;miguerl portela;2026-02-08 05:50:48.646+00;true;;2026-02-08 05:49:56.588493+00;2026-02-08 05:50:50.201823+00
2c1cd22e-76a5-480f-b6cc-1713530138fb;	@foskpessoal;d46ebcca-76df-468e-b71b-f6d4fe0bb81f;eduardojr;2026-02-08 09:58:21.525+00;true;;2026-02-08 09:58:13.011207+00;2026-02-08 09:58:21.738034+00
d9dd5e3d-802c-475b-a630-6cb0497080a9;	@mariyana0b;d46ebcca-76df-468e-b71b-f6d4fe0bb81f;eduardojr;2026-02-08 09:58:28.846+00;true;;2026-02-08 09:58:13.652305+00;2026-02-08 09:58:29.06646+00
ba434f01-a599-4df8-b421-ec64473bbbce;	@limaaj;d46ebcca-76df-468e-b71b-f6d4fe0bb81f;eduardojr;2026-02-08 09:58:32.945+00;true;;2026-02-08 09:58:14.271178+00;2026-02-08 09:58:33.150819+00
cf4a7508-bfc2-4cc7-b0a8-a5901cbb1457;	@oiguilherme;706b3000-2fcb-4f72-b3da-ee445b0a16c9;bnardocouto;2026-02-09 10:18:49.826+00;true;;2026-02-09 10:18:45.808026+00;2026-02-09 10:18:50.270645+00
06e26d62-5090-4f70-b4e7-67da1c3aa7f6;	@larissinha_st8;706b3000-2fcb-4f72-b3da-ee445b0a16c9;bnardocouto;2026-02-09 10:18:51.549+00;true;;2026-02-09 10:18:46.564708+00;2026-02-09 10:18:51.980406+00
94b8340f-808c-463e-a2b1-b7d40ac1091d;	@carolynecrf;7e2a26ab-f32d-4a5c-82f3-249c012931f0;braz;2026-02-09 15:13:50.667+00;true;;2026-02-06 21:13:16.775882+00;2026-02-09 15:13:51.054413+00
19463b41-7769-4b99-8576-ccf27085bb1d;	@nnvbiss;7e2a26ab-f32d-4a5c-82f3-249c012931f0;braz;2026-02-09 15:13:53.361+00;true;;2026-02-05 19:11:36.639521+00;2026-02-09 15:13:54.068401+00
18794342-fa38-4494-9e11-9820aad9ffc4;	@a.ciglio;7e2a26ab-f32d-4a5c-82f3-249c012931f0;braz;2026-02-09 15:13:54.395+00;true;;2026-02-06 17:33:47.350123+00;2026-02-09 15:13:54.737046+00
3d23b441-5330-41ee-b715-3e64c8b314de;	@brunaanjossz;7e2a26ab-f32d-4a5c-82f3-249c012931f0;braz;2026-02-09 15:13:55.07+00;true;;2026-02-06 18:59:32.466933+00;2026-02-09 15:13:55.455782+00
a5b09ec5-ed37-4825-bf5e-3f94475e866f;	@nathally_ciglio;7e2a26ab-f32d-4a5c-82f3-249c012931f0;braz;2026-02-09 15:13:56.045+00;true;;2026-02-06 21:07:35.770384+00;2026-02-09 15:13:56.424321+00
ec0c2cbc-7aaa-4782-8e2e-c861dde8942a;	@galegaa_d7;7e2a26ab-f32d-4a5c-82f3-249c012931f0;braz;2026-02-09 17:26:11.459+00;true;;2026-02-09 17:26:06.309103+00;2026-02-09 17:26:11.831404+00